{"stats":{"minecraft:dropped":{"minecraft:wheat_seeds":1,"minecraft:dark_oak_sapling":4,"minecraft:dark_oak_log":13,"minecraft:shield":1,"minecraft:torch":15,"minecraft:iron_chestplate":1,"minecraft:iron_axe":1,"minecraft:dark_oak_planks":2},"minecraft:used":{"minecraft:cooked_mutton":1,"minecraft:water_bucket":13,"minecraft:flint_and_steel":1,"minecraft:stone_pickaxe":102,"minecraft:chest":2,"minecraft:iron_sword":19,"minecraft:rotten_flesh":7,"minecraft:torch":13,"minecraft:glow_berries":12,"minecraft:crafting_table":3,"minecraft:wooden_axe":46,"minecraft:dark_oak_planks":6,"minecraft:lava_bucket":10,"minecraft:apple":1,"minecraft:iron_pickaxe":18,"minecraft:gravel":8,"minecraft:stone_axe":3,"minecraft:cobblestone":20,"minecraft:furnace":2,"minecraft:bucket":24},"minecraft:custom":{"minecraft:interact_with_furnace":20,"minecraft:mob_kills":6,"minecraft:interact_with_crafting_table":18,"minecraft:time_since_death":56931,"minecraft:time_since_rest":56931,"minecraft:sprint_one_cm":79272,"minecraft:damage_taken":301,"minecraft:walk_one_cm":101076,"minecraft:drop":12,"minecraft:damage_dealt":942,"minecraft:swim_one_cm":1521,"minecraft:fly_one_cm":46117,"minecraft:open_chest":4,"minecraft:crouch_one_cm":368,"minecraft:play_time":56931,"minecraft:sneak_time":99,"minecraft:walk_under_water_one_cm":2120,"minecraft:jump":494,"minecraft:walk_on_water_one_cm":28153,"minecraft:total_world_time":56931,"minecraft:fall_one_cm":10598},"minecraft:killed":{"minecraft:spider":2,"minecraft:skeleton":1,"minecraft:zombie":2,"minecraft:enderman":1},"minecraft:picked_up":{"minecraft:crafting_table":3,"minecraft:clay_ball":8,"minecraft:flint":1,"minecraft:shield":1,"minecraft:string":4,"minecraft:moss_carpet":2,"minecraft:iron_axe":1,"minecraft:bone":1,"minecraft:apple":1,"minecraft:bow":1,"minecraft:wheat_seeds":1,"minecraft:cobbled_deepslate":1,"minecraft:raw_gold":7,"minecraft:iron_ingot":7,"minecraft:moss_block":2,"minecraft:furnace":2,"minecraft:dark_oak_sapling":4,"minecraft:raw_iron":63,"minecraft:torch":28,"minecraft:gravel":8,"minecraft:spider_eye":1,"minecraft:dark_oak_log":58,"minecraft:dark_oak_planks":8,"minecraft:rotten_flesh":8,"minecraft:diamond":2,"minecraft:gold_ingot":2,"minecraft:glow_berries":10,"minecraft:coal":108,"minecraft:cobblestone":50},"minecraft:crafted":{"minecraft:crafting_table":1,"minecraft:iron_helmet":1,"minecraft:iron_sword":1,"minecraft:furnace":1,"minecraft:bucket":1,"minecraft:stone_axe":2,"minecraft:cooked_mutton":1,"minecraft:air":0,"minecraft:flint_and_steel":1,"minecraft:iron_boots":1,"minecraft:iron_chestplate":2,"minecraft:charcoal":21,"minecraft:shield":1,"minecraft:stick":16,"minecraft:iron_ingot":35,"minecraft:iron_pickaxe":1,"minecraft:stone_pickaxe":1,"minecraft:wooden_axe":1,"minecraft:chest":2,"minecraft:gold_ingot":6,"minecraft:iron_leggings":1,"minecraft:dark_oak_planks":40,"minecraft:torch":4,"minecraft:golden_boots":1},"minecraft:mined":{"minecraft:dark_oak_planks":6,"minecraft:dark_oak_leaves":6,"minecraft:deepslate_diamond_ore":1,"minecraft:dark_oak_log":40,"minecraft:crafting_table":3,"minecraft:torch":4,"minecraft:cave_vines_plant":6,"minecraft:deepslate_gold_ore":7,"minecraft:moss_block":2,"minecraft:wall_torch":4,"minecraft:furnace":2,"minecraft:iron_ore":28,"minecraft:coal_ore":42,"minecraft:cave_vines":12,"minecraft:deepslate_iron_ore":1,"minecraft:gravel":7,"minecraft:stone":29,"minecraft:deepslate":1}},"DataVersion":3955}