{"stats":{"minecraft:dropped":{"minecraft:dark_oak_sapling":2},"minecraft:used":{"minecraft:wooden_axe":18,"minecraft:crafting_table":1},"minecraft:custom":{"minecraft:time_since_rest":8931,"minecraft:play_time":8931,"minecraft:sprint_one_cm":2808,"minecraft:walk_one_cm":4874,"minecraft:drop":2,"minecraft:jump":21,"minecraft:damage_dealt":10,"minecraft:time_since_death":8931,"minecraft:total_world_time":8931,"minecraft:fall_one_cm":209,"minecraft:interact_with_crafting_table":4,"minecraft:fly_one_cm":1169},"minecraft:picked_up":{"minecraft:dark_oak_sapling":4,"minecraft:crafting_table":1,"minecraft:rotten_flesh":4,"minecraft:wheat_seeds":1,"minecraft:gravel":2,"minecraft:dark_oak_log":16,"minecraft:cobblestone":6},"minecraft:crafted":{"minecraft:dark_oak_planks":16,"minecraft:crafting_table":1,"minecraft:stick":4,"minecraft:wooden_axe":1},"minecraft:mined":{"minecraft:dark_oak_leaves":6,"minecraft:dark_oak_log":18,"minecraft:crafting_table":1}},"DataVersion":3955}