{"stats":{"minecraft:dropped":{"minecraft:dark_oak_sapling":4,"minecraft:dark_oak_planks":2},"minecraft:used":{"minecraft:wooden_axe":40,"minecraft:apple":1,"minecraft:stone_pickaxe":18,"minecraft:iron_pickaxe":3,"minecraft:iron_sword":5,"minecraft:gravel":1,"minecraft:crafting_table":1},"minecraft:custom":{"minecraft:time_since_rest":20931,"minecraft:interact_with_furnace":7,"minecraft:sprint_one_cm":22144,"minecraft:damage_taken":125,"minecraft:walk_one_cm":25094,"minecraft:mob_kills":2,"minecraft:drop":5,"minecraft:damage_dealt":280,"minecraft:interact_with_crafting_table":10,"minecraft:fly_one_cm":14618,"minecraft:open_chest":2,"minecraft:play_time":20931,"minecraft:sneak_time":19,"minecraft:jump":158,"minecraft:time_since_death":20931,"minecraft:total_world_time":20931,"minecraft:fall_one_cm":4370},"minecraft:killed":{"minecraft:skeleton":1,"minecraft:spider":1},"minecraft:picked_up":{"minecraft:dark_oak_sapling":4,"minecraft:raw_iron":20,"minecraft:crafting_table":1,"minecraft:gravel":2,"minecraft:string":2,"minecraft:dark_oak_log":40,"minecraft:dark_oak_planks":1,"minecraft:bone":1,"minecraft:rotten_flesh":4,"minecraft:apple":1,"minecraft:bow":1,"minecraft:wheat_seeds":1,"minecraft:iron_ingot":6,"minecraft:coal":17,"minecraft:cobblestone":10},"minecraft:crafted":{"minecraft:charcoal":21,"minecraft:shield":1,"minecraft:crafting_table":1,"minecraft:stick":16,"minecraft:iron_pickaxe":1,"minecraft:stone_pickaxe":1,"minecraft:wooden_axe":1,"minecraft:iron_sword":1,"minecraft:dark_oak_planks":40,"minecraft:torch":4,"minecraft:stone_axe":2,"minecraft:cooked_mutton":1,"minecraft:air":0},"minecraft:mined":{"minecraft:dark_oak_leaves":6,"minecraft:dark_oak_log":40,"minecraft:crafting_table":1,"minecraft:coal_ore":17,"minecraft:stone":4}},"DataVersion":3955}