{"stats":{"minecraft:dropped":{"minecraft:dark_oak_sapling":4,"minecraft:dark_oak_planks":2},"minecraft:used":{"minecraft:cooked_mutton":1,"minecraft:dark_oak_planks":6,"minecraft:wooden_axe":40,"minecraft:apple":1,"minecraft:stone_pickaxe":58,"minecraft:iron_pickaxe":3,"minecraft:iron_sword":9,"minecraft:gravel":1,"minecraft:rotten_flesh":4,"minecraft:stone_axe":1,"minecraft:glow_berries":7,"minecraft:torch":8,"minecraft:crafting_table":2,"minecraft:furnace":1},"minecraft:custom":{"minecraft:time_since_rest":32931,"minecraft:interact_with_furnace":12,"minecraft:sprint_one_cm":43497,"minecraft:damage_taken":200,"minecraft:walk_one_cm":48024,"minecraft:mob_kills":3,"minecraft:drop":5,"minecraft:damage_dealt":460,"minecraft:interact_with_crafting_table":13,"minecraft:fly_one_cm":20855,"minecraft:open_chest":2,"minecraft:play_time":32931,"minecraft:sneak_time":19,"minecraft:jump":254,"minecraft:time_since_death":32931,"minecraft:total_world_time":32931,"minecraft:fall_one_cm":5595},"minecraft:killed":{"minecraft:skeleton":1,"minecraft:zombie":1,"minecraft:spider":1},"minecraft:picked_up":{"minecraft:dark_oak_sapling":4,"minecraft:raw_iron":31,"minecraft:crafting_table":1,"minecraft:torch":6,"minecraft:gravel":2,"minecraft:string":2,"minecraft:dark_oak_log":40,"minecraft:dark_oak_planks":1,"minecraft:bone":1,"minecraft:rotten_flesh":4,"minecraft:apple":1,"minecraft:bow":1,"minecraft:wheat_seeds":1,"minecraft:iron_ingot":7,"minecraft:moss_block":2,"minecraft:glow_berries":5,"minecraft:coal":33,"minecraft:cobblestone":17},"minecraft:crafted":{"minecraft:iron_boots":1,"minecraft:iron_chestplate":1,"minecraft:charcoal":21,"minecraft:shield":1,"minecraft:crafting_table":1,"minecraft:iron_helmet":1,"minecraft:stick":16,"minecraft:iron_ingot":26,"minecraft:iron_pickaxe":1,"minecraft:stone_pickaxe":1,"minecraft:wooden_axe":1,"minecraft:iron_sword":1,"minecraft:iron_leggings":1,"minecraft:furnace":1,"minecraft:dark_oak_planks":40,"minecraft:torch":4,"minecraft:stone_axe":2,"minecraft:cooked_mutton":1,"minecraft:air":0},"minecraft:mined":{"minecraft:dark_oak_leaves":6,"minecraft:iron_ore":11,"minecraft:dark_oak_log":40,"minecraft:cave_vines_plant":3,"minecraft:torch":4,"minecraft:crafting_table":1,"minecraft:coal_ore":33,"minecraft:cave_vines":8,"minecraft:stone":11,"minecraft:moss_block":2,"minecraft:wall_torch":2}},"DataVersion":3955}