{"stats":{"minecraft:dropped":{"minecraft:wheat_seeds":1,"minecraft:dark_oak_sapling":4,"minecraft:shield":1,"minecraft:torch":15,"minecraft:iron_chestplate":1,"minecraft:iron_axe":1,"minecraft:dark_oak_planks":2},"minecraft:used":{"minecraft:cooked_mutton":1,"minecraft:water_bucket":1,"minecraft:stone_pickaxe":102,"minecraft:iron_sword":11,"minecraft:rotten_flesh":4,"minecraft:torch":8,"minecraft:glow_berries":12,"minecraft:crafting_table":3,"minecraft:wooden_axe":46,"minecraft:dark_oak_planks":6,"minecraft:apple":1,"minecraft:iron_pickaxe":8,"minecraft:gravel":1,"minecraft:stone_axe":3,"minecraft:furnace":2,"minecraft:bucket":2},"minecraft:custom":{"minecraft:interact_with_furnace":16,"minecraft:mob_kills":4,"minecraft:interact_with_crafting_table":16,"minecraft:time_since_death":44931,"minecraft:time_since_rest":44931,"minecraft:sprint_one_cm":62296,"minecraft:damage_taken":250,"minecraft:walk_one_cm":74784,"minecraft:drop":11,"minecraft:damage_dealt":529,"minecraft:fly_one_cm":32190,"minecraft:open_chest":2,"minecraft:play_time":44931,"minecraft:sneak_time":19,"minecraft:jump":378,"minecraft:walk_on_water_one_cm":3574,"minecraft:total_world_time":44931,"minecraft:fall_one_cm":8326},"minecraft:killed":{"minecraft:spider":1,"minecraft:skeleton":1,"minecraft:zombie":1,"minecraft:enderman":1},"minecraft:picked_up":{"minecraft:crafting_table":3,"minecraft:clay_ball":8,"minecraft:shield":1,"minecraft:string":2,"minecraft:moss_carpet":2,"minecraft:iron_axe":1,"minecraft:bone":1,"minecraft:apple":1,"minecraft:bow":1,"minecraft:wheat_seeds":1,"minecraft:iron_ingot":7,"minecraft:moss_block":2,"minecraft:furnace":2,"minecraft:dark_oak_sapling":4,"minecraft:raw_iron":62,"minecraft:torch":24,"minecraft:gravel":2,"minecraft:dark_oak_log":58,"minecraft:dark_oak_planks":8,"minecraft:rotten_flesh":6,"minecraft:diamond":1,"minecraft:glow_berries":10,"minecraft:coal":108,"minecraft:cobblestone":50},"minecraft:crafted":{"minecraft:crafting_table":1,"minecraft:iron_helmet":1,"minecraft:iron_sword":1,"minecraft:furnace":1,"minecraft:bucket":1,"minecraft:stone_axe":2,"minecraft:cooked_mutton":1,"minecraft:air":0,"minecraft:iron_boots":1,"minecraft:iron_chestplate":2,"minecraft:charcoal":21,"minecraft:shield":1,"minecraft:stick":16,"minecraft:iron_ingot":34,"minecraft:iron_pickaxe":1,"minecraft:stone_pickaxe":1,"minecraft:wooden_axe":1,"minecraft:iron_leggings":1,"minecraft:dark_oak_planks":40,"minecraft:torch":4},"minecraft:mined":{"minecraft:dark_oak_planks":6,"minecraft:dark_oak_leaves":6,"minecraft:dark_oak_log":40,"minecraft:crafting_table":3,"minecraft:torch":4,"minecraft:cave_vines_plant":6,"minecraft:moss_block":2,"minecraft:wall_torch":2,"minecraft:furnace":2,"minecraft:iron_ore":28,"minecraft:coal_ore":42,"minecraft:cave_vines":12,"minecraft:stone":29}},"DataVersion":3955}