{"stats":{"minecraft:used":{"minecraft:cooked_mutton":3,"minecraft:stone_pickaxe":104,"minecraft:chest":1,"minecraft:wooden_pickaxe":25,"minecraft:shield":8,"minecraft:torch":41,"minecraft:dirt":2,"minecraft:mutton":1,"minecraft:crafting_table":3,"minecraft:white_bed":2,"minecraft:dark_oak_planks":3,"minecraft:iron_axe":18,"minecraft:stone_axe":66,"minecraft:furnace":3,"minecraft:cooked_beef":2},"minecraft:dropped":{"minecraft:gravel":2,"minecraft:iron_ingot":6,"minecraft:wheat_seeds":1,"minecraft:dark_oak_sapling":2,"minecraft:raw_iron":20,"minecraft:cobblestone":6,"minecraft:rotten_flesh":4,"minecraft:cooked_mutton":1},"minecraft:custom":{"minecraft:interact_with_furnace":10,"minecraft:mob_kills":16,"minecraft:interact_with_crafting_table":18,"minecraft:time_since_death":11309,"minecraft:sleep_in_bed":1,"minecraft:time_since_rest":11345,"minecraft:sprint_one_cm":82189,"minecraft:damage_taken":715,"minecraft:walk_one_cm":149047,"minecraft:damage_blocked_by_shield":195,"minecraft:drop":14,"minecraft:damage_dealt":2375,"minecraft:fly_one_cm":42948,"minecraft:open_chest":2,"minecraft:play_time":58873,"minecraft:deaths":1,"minecraft:jump":666,"minecraft:total_world_time":58873,"minecraft:fall_one_cm":13834},"minecraft:killed":{"minecraft:spider":2,"minecraft:sheep":4,"minecraft:skeleton":2,"minecraft:zombie":5,"minecraft:cow":2},"minecraft:picked_up":{"minecraft:crafting_table":2,"minecraft:leather":6,"minecraft:shield":1,"minecraft:gunpowder":4,"minecraft:string":6,"minecraft:dirt":4,"minecraft:cooked_mutton":4,"minecraft:bone":4,"minecraft:wheat_seeds":1,"minecraft:beef":2,"minecraft:stone_pickaxe":1,"minecraft:music_disc_chirp":2,"minecraft:furnace":1,"minecraft:dark_oak_sapling":2,"minecraft:stick":11,"minecraft:raw_iron":41,"minecraft:torch":17,"minecraft:gravel":2,"minecraft:white_bed":1,"minecraft:dark_oak_log":72,"minecraft:spider_eye":2,"minecraft:dark_oak_planks":15,"minecraft:arrow":4,"minecraft:rotten_flesh":4,"minecraft:stone_axe":1,"minecraft:mutton":7,"minecraft:coal":48,"minecraft:white_wool":5,"minecraft:cobblestone":84},"minecraft:crafted":{"minecraft:cooked_beef":2,"minecraft:crafting_table":1,"minecraft:wooden_pickaxe":1,"minecraft:furnace":2,"minecraft:stone_axe":1,"minecraft:charcoal":7,"minecraft:shield":1,"minecraft:iron_axe":1,"minecraft:stick":28,"minecraft:iron_ingot":12,"minecraft:stone_pickaxe":1,"minecraft:chest":1,"minecraft:white_bed":1,"minecraft:dark_oak_planks":68,"minecraft:torch":44},"minecraft:mined":{"minecraft:dark_oak_planks":3,"minecraft:white_bed":1,"minecraft:dark_oak_leaves":9,"minecraft:dark_oak_log":47,"minecraft:crafting_table":2,"minecraft:torch":2,"minecraft:short_grass":13,"minecraft:grass_block":1,"minecraft:furnace":1,"minecraft:iron_ore":41,"minecraft:coal_ore":34,"minecraft:stone":52}},"DataVersion":3955}