{"stats":{"minecraft:used":{"minecraft:moss_block":10,"minecraft:cooked_mutton":3,"minecraft:moss_carpet":1,"minecraft:tropical_fish":3,"minecraft:stone_pickaxe":132,"minecraft:chest":1,"minecraft:wooden_pickaxe":25,"minecraft:shield":16,"minecraft:iron_chestplate":1,"minecraft:torch":117,"minecraft:glow_berries":10,"minecraft:dirt":2,"minecraft:mutton":1,"minecraft:crafting_table":4,"minecraft:white_bed":2,"minecraft:tuff":2,"minecraft:granite":1,"minecraft:dark_oak_planks":3,"minecraft:flowering_azalea":1,"minecraft:iron_axe":51,"minecraft:iron_pickaxe":46,"minecraft:iron_helmet":2,"minecraft:stone_axe":66,"minecraft:cobblestone":27,"minecraft:furnace":4,"minecraft:andesite":1,"minecraft:iron_leggings":1,"minecraft:cooked_beef":2,"minecraft:cobbled_deepslate":12,"minecraft:golden_boots":1},"minecraft:dropped":{"minecraft:gravel":2,"minecraft:iron_ingot":6,"minecraft:wheat_seeds":1,"minecraft:cobbled_deepslate":5,"minecraft:tuff":1,"minecraft:dark_oak_sapling":2,"minecraft:raw_iron":20,"minecraft:cobblestone":6,"minecraft:rotten_flesh":4,"minecraft:cooked_mutton":1,"minecraft:azalea":1,"minecraft:gold_ingot":2},"minecraft:killed_by":{"minecraft:enderman":1},"minecraft:broken":{"minecraft:stone_pickaxe":1},"minecraft:custom":{"minecraft:interact_with_furnace":39,"minecraft:mob_kills":18,"minecraft:interact_with_crafting_table":29,"minecraft:time_since_death":14026,"minecraft:sleep_in_bed":1,"minecraft:climb_one_cm":685,"minecraft:time_since_rest":14067,"minecraft:sprint_one_cm":129692,"minecraft:damage_taken":1308,"minecraft:walk_one_cm":253613,"minecraft:damage_blocked_by_shield":545,"minecraft:drop":19,"minecraft:damage_dealt":3214,"minecraft:fly_one_cm":79340,"minecraft:open_chest":11,"minecraft:crouch_one_cm":452,"minecraft:play_time":94873,"minecraft:deaths":3,"minecraft:sneak_time":497,"minecraft:walk_under_water_one_cm":1609,"minecraft:jump":1269,"minecraft:walk_on_water_one_cm":9618,"minecraft:total_world_time":94873,"minecraft:fall_one_cm":28372},"minecraft:killed":{"minecraft:spider":2,"minecraft:sheep":4,"minecraft:skeleton":2,"minecraft:zombie":7,"minecraft:cow":2},"minecraft:picked_up":{"minecraft:iron_chestplate":2,"minecraft:crafting_table":2,"minecraft:clay_ball":8,"minecraft:andesite":1,"minecraft:leather":6,"minecraft:tuff":4,"minecraft:shield":3,"minecraft:gunpowder":4,"minecraft:moss_carpet":4,"minecraft:string":10,"minecraft:dirt":4,"minecraft:iron_axe":2,"minecraft:cooked_mutton":4,"minecraft:bone":4,"minecraft:wheat_seeds":1,"minecraft:cobbled_deepslate":32,"minecraft:raw_gold":6,"minecraft:beef":2,"minecraft:stone_pickaxe":3,"minecraft:azalea":2,"minecraft:iron_pickaxe":2,"minecraft:moss_block":10,"minecraft:flowering_azalea":1,"minecraft:music_disc_chirp":2,"minecraft:furnace":1,"minecraft:dark_oak_sapling":2,"minecraft:stick":11,"minecraft:raw_iron":91,"minecraft:torch":38,"minecraft:gravel":2,"minecraft:white_bed":1,"minecraft:dark_oak_log":85,"minecraft:spider_eye":2,"minecraft:dark_oak_planks":15,"minecraft:arrow":8,"minecraft:rotten_flesh":6,"minecraft:diamond":1,"minecraft:tropical_fish":6,"minecraft:stone_axe":1,"minecraft:iron_helmet":2,"minecraft:granite":1,"minecraft:glow_berries":9,"minecraft:mutton":7,"minecraft:coal":76,"minecraft:white_wool":5,"minecraft:cobblestone":98},"minecraft:crafted":{"minecraft:cooked_beef":2,"minecraft:crafting_table":2,"minecraft:iron_helmet":1,"minecraft:wooden_pickaxe":1,"minecraft:furnace":3,"minecraft:stone_axe":1,"minecraft:air":0,"minecraft:charcoal":7,"minecraft:shield":1,"minecraft:iron_axe":1,"minecraft:stick":52,"minecraft:iron_ingot":25,"minecraft:iron_pickaxe":1,"minecraft:stone_pickaxe":1,"minecraft:iron_leggings":1,"minecraft:chest":1,"minecraft:gold_ingot":6,"minecraft:white_bed":1,"minecraft:dark_oak_planks":140,"minecraft:torch":124,"minecraft:golden_boots":1},"minecraft:mined":{"minecraft:dark_oak_planks":3,"minecraft:tuff":2,"minecraft:flowering_azalea":1,"minecraft:white_bed":1,"minecraft:dark_oak_leaves":9,"minecraft:deepslate_diamond_ore":2,"minecraft:dark_oak_log":47,"minecraft:crafting_table":2,"minecraft:torch":2,"minecraft:cave_vines_plant":4,"minecraft:granite":1,"minecraft:short_grass":13,"minecraft:grass_block":1,"minecraft:deepslate_gold_ore":6,"minecraft:moss_block":6,"minecraft:furnace":1,"minecraft:iron_ore":54,"minecraft:deepslate_iron_ore":7,"minecraft:cave_vines":9,"minecraft:coal_ore":36,"minecraft:vine":1,"minecraft:stone":66,"minecraft:deepslate":23}},"DataVersion":3955}