{"stats":{"minecraft:used":{"minecraft:crafting_table":1},"minecraft:custom":{"minecraft:time_since_rest":10873,"minecraft:play_time":10873,"minecraft:sprint_one_cm":15513,"minecraft:damage_taken":60,"minecraft:walk_one_cm":18168,"minecraft:mob_kills":1,"minecraft:jump":93,"minecraft:damage_dealt":100,"minecraft:time_since_death":10873,"minecraft:total_world_time":10873,"minecraft:interact_with_crafting_table":3,"minecraft:fall_one_cm":2915,"minecraft:fly_one_cm":5722},"minecraft:killed":{"minecraft:cow":1},"minecraft:picked_up":{"minecraft:leather":2,"minecraft:wheat_seeds":1,"minecraft:beef":1,"minecraft:dark_oak_log":20},"minecraft:crafted":{"minecraft:dark_oak_planks":20,"minecraft:crafting_table":1,"minecraft:stick":4,"minecraft:wooden_pickaxe":1},"minecraft:mined":{"minecraft:short_grass":7,"minecraft:dark_oak_log":20}},"DataVersion":3955}