{"stats":{"minecraft:used":{"minecraft:cooked_mutton":3,"minecraft:stone_pickaxe":122,"minecraft:chest":1,"minecraft:wooden_pickaxe":25,"minecraft:shield":9,"minecraft:torch":88,"minecraft:dirt":2,"minecraft:mutton":1,"minecraft:crafting_table":3,"minecraft:white_bed":2,"minecraft:dark_oak_planks":3,"minecraft:iron_axe":30,"minecraft:iron_pickaxe":13,"minecraft:iron_helmet":1,"minecraft:stone_axe":66,"minecraft:cobblestone":11,"minecraft:furnace":3,"minecraft:cooked_beef":2},"minecraft:dropped":{"minecraft:gravel":2,"minecraft:iron_ingot":6,"minecraft:wheat_seeds":1,"minecraft:dark_oak_sapling":2,"minecraft:raw_iron":20,"minecraft:cobblestone":6,"minecraft:rotten_flesh":4,"minecraft:cooked_mutton":1},"minecraft:custom":{"minecraft:interact_with_furnace":17,"minecraft:mob_kills":17,"minecraft:interact_with_crafting_table":21,"minecraft:time_since_death":23309,"minecraft:sleep_in_bed":1,"minecraft:climb_one_cm":167,"minecraft:time_since_rest":23345,"minecraft:sprint_one_cm":95701,"minecraft:damage_taken":843,"minecraft:walk_one_cm":185613,"minecraft:damage_blocked_by_shield":235,"minecraft:drop":14,"minecraft:damage_dealt":2665,"minecraft:fly_one_cm":46601,"minecraft:open_chest":6,"minecraft:crouch_one_cm":288,"minecraft:play_time":70873,"minecraft:deaths":1,"minecraft:sneak_time":344,"minecraft:walk_under_water_one_cm":781,"minecraft:jump":853,"minecraft:walk_on_water_one_cm":5943,"minecraft:total_world_time":70873,"minecraft:fall_one_cm":18280},"minecraft:killed":{"minecraft:spider":2,"minecraft:sheep":4,"minecraft:skeleton":2,"minecraft:zombie":6,"minecraft:cow":2},"minecraft:picked_up":{"minecraft:crafting_table":2,"minecraft:andesite":1,"minecraft:leather":6,"minecraft:shield":1,"minecraft:gunpowder":4,"minecraft:string":6,"minecraft:dirt":4,"minecraft:cooked_mutton":4,"minecraft:bone":4,"minecraft:wheat_seeds":1,"minecraft:beef":2,"minecraft:stone_pickaxe":1,"minecraft:moss_block":1,"minecraft:music_disc_chirp":2,"minecraft:furnace":1,"minecraft:dark_oak_sapling":2,"minecraft:stick":11,"minecraft:raw_iron":54,"minecraft:torch":17,"minecraft:gravel":2,"minecraft:white_bed":1,"minecraft:dark_oak_log":72,"minecraft:spider_eye":2,"minecraft:dark_oak_planks":15,"minecraft:arrow":4,"minecraft:rotten_flesh":6,"minecraft:stone_axe":1,"minecraft:granite":1,"minecraft:mutton":7,"minecraft:coal":50,"minecraft:white_wool":5,"minecraft:cobblestone":98},"minecraft:crafted":{"minecraft:cooked_beef":2,"minecraft:crafting_table":1,"minecraft:iron_helmet":1,"minecraft:wooden_pickaxe":1,"minecraft:furnace":2,"minecraft:stone_axe":1,"minecraft:charcoal":7,"minecraft:shield":1,"minecraft:iron_axe":1,"minecraft:stick":44,"minecraft:iron_ingot":18,"minecraft:iron_pickaxe":1,"minecraft:stone_pickaxe":1,"minecraft:chest":1,"minecraft:white_bed":1,"minecraft:dark_oak_planks":88,"minecraft:torch":108},"minecraft:mined":{"minecraft:dark_oak_planks":3,"minecraft:white_bed":1,"minecraft:dark_oak_leaves":9,"minecraft:dark_oak_log":47,"minecraft:crafting_table":2,"minecraft:torch":2,"minecraft:granite":1,"minecraft:short_grass":13,"minecraft:grass_block":1,"minecraft:moss_block":1,"minecraft:furnace":1,"minecraft:iron_ore":54,"minecraft:coal_ore":36,"minecraft:vine":1,"minecraft:stone":66}},"DataVersion":3955}