{"stats":{"minecraft:used":{"minecraft:crafting_table":2,"minecraft:furnace":1,"minecraft:stone_pickaxe":9,"minecraft:wooden_pickaxe":25},"minecraft:custom":{"minecraft:time_since_rest":22873,"minecraft:interact_with_furnace":2,"minecraft:play_time":22873,"minecraft:sprint_one_cm":27142,"minecraft:damage_taken":100,"minecraft:walk_one_cm":47086,"minecraft:mob_kills":4,"minecraft:jump":215,"minecraft:damage_dealt":394,"minecraft:time_since_death":22873,"minecraft:total_world_time":22873,"minecraft:interact_with_crafting_table":8,"minecraft:fall_one_cm":5174,"minecraft:fly_one_cm":11502},"minecraft:killed":{"minecraft:sheep":3,"minecraft:cow":1},"minecraft:picked_up":{"minecraft:raw_iron":1,"minecraft:crafting_table":1,"minecraft:leather":2,"minecraft:wheat_seeds":1,"minecraft:beef":1,"minecraft:mutton":4,"minecraft:dark_oak_log":47,"minecraft:white_wool":3,"minecraft:cobblestone":33},"minecraft:crafted":{"minecraft:furnace":1,"minecraft:dark_oak_planks":32,"minecraft:crafting_table":1,"minecraft:stick":12,"minecraft:stone_pickaxe":1,"minecraft:wooden_pickaxe":1},"minecraft:mined":{"minecraft:short_grass":13,"minecraft:dark_oak_leaves":9,"minecraft:iron_ore":1,"minecraft:stone":33,"minecraft:dark_oak_log":47,"minecraft:crafting_table":1}},"DataVersion":3955}