{"stats":{"minecraft:dropped":{"minecraft:wheat_seeds":1,"minecraft:dark_oak_sapling":2,"minecraft:rotten_flesh":4,"minecraft:cobblestone":6,"minecraft:cooked_mutton":1,"minecraft:gravel":2},"minecraft:used":{"minecraft:cooked_mutton":3,"minecraft:dark_oak_planks":3,"minecraft:stone_pickaxe":50,"minecraft:shield":5,"minecraft:wooden_pickaxe":25,"minecraft:stone_axe":66,"minecraft:torch":31,"minecraft:mutton":1,"minecraft:crafting_table":3,"minecraft:furnace":2,"minecraft:white_bed":2,"minecraft:cooked_beef":2},"minecraft:custom":{"minecraft:time_since_rest":18694,"minecraft:interact_with_furnace":7,"minecraft:sprint_one_cm":72068,"minecraft:damage_taken":585,"minecraft:walk_one_cm":122962,"minecraft:damage_blocked_by_shield":105,"minecraft:mob_kills":14,"minecraft:drop":12,"minecraft:damage_dealt":2015,"minecraft:interact_with_crafting_table":13,"minecraft:fly_one_cm":35239,"minecraft:play_time":46873,"minecraft:jump":560,"minecraft:time_since_death":46873,"minecraft:sleep_in_bed":1,"minecraft:total_world_time":46873,"minecraft:fall_one_cm":9346},"minecraft:killed":{"minecraft:skeleton":1,"minecraft:sheep":4,"minecraft:zombie":5,"minecraft:spider":1,"minecraft:cow":2},"minecraft:picked_up":{"minecraft:crafting_table":2,"minecraft:raw_iron":12,"minecraft:leather":3,"minecraft:torch":1,"minecraft:gravel":2,"minecraft:white_bed":1,"minecraft:gunpowder":2,"minecraft:dirt":3,"minecraft:spider_eye":1,"minecraft:dark_oak_log":47,"minecraft:string":2,"minecraft:dark_oak_planks":14,"minecraft:cooked_mutton":4,"minecraft:bone":2,"minecraft:arrow":1,"minecraft:rotten_flesh":4,"minecraft:wheat_seeds":1,"minecraft:beef":2,"minecraft:dark_oak_sapling":2,"minecraft:mutton":6,"minecraft:coal":20,"minecraft:music_disc_chirp":1,"minecraft:white_wool":4,"minecraft:cobblestone":47,"minecraft:furnace":1},"minecraft:crafted":{"minecraft:cooked_beef":2,"minecraft:charcoal":7,"minecraft:shield":1,"minecraft:crafting_table":1,"minecraft:stick":28,"minecraft:wooden_pickaxe":1,"minecraft:iron_ingot":1,"minecraft:stone_pickaxe":1,"minecraft:furnace":1,"minecraft:white_bed":1,"minecraft:dark_oak_planks":60,"minecraft:torch":44,"minecraft:stone_axe":1},"minecraft:mined":{"minecraft:dark_oak_planks":3,"minecraft:white_bed":1,"minecraft:furnace":1,"minecraft:dark_oak_leaves":9,"minecraft:iron_ore":12,"minecraft:dark_oak_log":47,"minecraft:crafting_table":2,"minecraft:short_grass":13,"minecraft:grass_block":1,"minecraft:coal_ore":20,"minecraft:stone":42}},"DataVersion":3955}