{"stats":{"minecraft:used":{"minecraft:cooked_mutton":1,"minecraft:dark_oak_planks":3,"minecraft:stone_pickaxe":43,"minecraft:shield":3,"minecraft:wooden_pickaxe":25,"minecraft:stone_axe":28,"minecraft:torch":31,"minecraft:crafting_table":2,"minecraft:furnace":1,"minecraft:white_bed":1,"minecraft:cooked_beef":2},"minecraft:custom":{"minecraft:time_since_rest":6694,"minecraft:interact_with_furnace":6,"minecraft:sprint_one_cm":44531,"minecraft:damage_taken":315,"minecraft:walk_one_cm":90101,"minecraft:damage_blocked_by_shield":80,"minecraft:mob_kills":10,"minecraft:damage_dealt":1258,"minecraft:interact_with_crafting_table":12,"minecraft:fly_one_cm":22202,"minecraft:play_time":34873,"minecraft:jump":368,"minecraft:time_since_death":34873,"minecraft:sleep_in_bed":1,"minecraft:total_world_time":34873,"minecraft:fall_one_cm":6743},"minecraft:killed":{"minecraft:skeleton":1,"minecraft:sheep":3,"minecraft:zombie":2,"minecraft:spider":1,"minecraft:cow":2},"minecraft:picked_up":{"minecraft:crafting_table":2,"minecraft:raw_iron":8,"minecraft:leather":3,"minecraft:torch":1,"minecraft:gravel":2,"minecraft:white_bed":1,"minecraft:gunpowder":2,"minecraft:dirt":2,"minecraft:spider_eye":1,"minecraft:dark_oak_log":47,"minecraft:string":2,"minecraft:dark_oak_planks":14,"minecraft:cooked_mutton":4,"minecraft:bone":2,"minecraft:arrow":1,"minecraft:rotten_flesh":1,"minecraft:wheat_seeds":1,"minecraft:beef":2,"minecraft:mutton":4,"minecraft:coal":20,"minecraft:music_disc_chirp":1,"minecraft:white_wool":3,"minecraft:cobblestone":43,"minecraft:furnace":1},"minecraft:crafted":{"minecraft:cooked_beef":2,"minecraft:charcoal":7,"minecraft:shield":1,"minecraft:crafting_table":1,"minecraft:stick":28,"minecraft:wooden_pickaxe":1,"minecraft:iron_ingot":1,"minecraft:stone_pickaxe":1,"minecraft:furnace":1,"minecraft:white_bed":1,"minecraft:dark_oak_planks":60,"minecraft:torch":44,"minecraft:stone_axe":1},"minecraft:mined":{"minecraft:dark_oak_planks":3,"minecraft:white_bed":1,"minecraft:furnace":1,"minecraft:dark_oak_leaves":9,"minecraft:iron_ore":8,"minecraft:dark_oak_log":47,"minecraft:crafting_table":2,"minecraft:short_grass":13,"minecraft:coal_ore":20,"minecraft:stone":39}},"DataVersion":3955}