{"stats":{"minecraft:used":{"minecraft:moss_block":10,"minecraft:cooked_mutton":3,"minecraft:moss_carpet":1,"minecraft:stone_pickaxe":122,"minecraft:chest":1,"minecraft:wooden_pickaxe":25,"minecraft:shield":15,"minecraft:iron_chestplate":1,"minecraft:torch":104,"minecraft:glow_berries":6,"minecraft:dirt":2,"minecraft:mutton":1,"minecraft:crafting_table":3,"minecraft:white_bed":2,"minecraft:granite":1,"minecraft:dark_oak_planks":3,"minecraft:flowering_azalea":1,"minecraft:iron_axe":38,"minecraft:iron_pickaxe":25,"minecraft:iron_helmet":2,"minecraft:stone_axe":66,"minecraft:cobblestone":27,"minecraft:furnace":3,"minecraft:andesite":1,"minecraft:cooked_beef":2,"minecraft:cobbled_deepslate":1},"minecraft:dropped":{"minecraft:gravel":2,"minecraft:iron_ingot":6,"minecraft:wheat_seeds":1,"minecraft:tuff":1,"minecraft:dark_oak_sapling":2,"minecraft:raw_iron":20,"minecraft:cobblestone":6,"minecraft:rotten_flesh":4,"minecraft:cooked_mutton":1,"minecraft:azalea":1},"minecraft:killed_by":{"minecraft:enderman":1},"minecraft:custom":{"minecraft:interact_with_furnace":17,"minecraft:mob_kills":17,"minecraft:interact_with_crafting_table":21,"minecraft:time_since_death":2026,"minecraft:sleep_in_bed":1,"minecraft:climb_one_cm":685,"minecraft:time_since_rest":2067,"minecraft:sprint_one_cm":109046,"minecraft:damage_taken":1158,"minecraft:walk_one_cm":213604,"minecraft:damage_blocked_by_shield":525,"minecraft:drop":16,"minecraft:damage_dealt":3015,"minecraft:fly_one_cm":55786,"minecraft:open_chest":6,"minecraft:crouch_one_cm":452,"minecraft:play_time":82873,"minecraft:deaths":3,"minecraft:sneak_time":485,"minecraft:walk_under_water_one_cm":1609,"minecraft:jump":1052,"minecraft:walk_on_water_one_cm":8840,"minecraft:total_world_time":82873,"minecraft:fall_one_cm":22911},"minecraft:killed":{"minecraft:spider":2,"minecraft:sheep":4,"minecraft:skeleton":2,"minecraft:zombie":6,"minecraft:cow":2},"minecraft:picked_up":{"minecraft:iron_chestplate":2,"minecraft:crafting_table":2,"minecraft:clay_ball":8,"minecraft:andesite":1,"minecraft:leather":6,"minecraft:tuff":2,"minecraft:shield":3,"minecraft:gunpowder":4,"minecraft:moss_carpet":4,"minecraft:string":10,"minecraft:dirt":4,"minecraft:iron_axe":2,"minecraft:cooked_mutton":4,"minecraft:bone":4,"minecraft:wheat_seeds":1,"minecraft:cobbled_deepslate":1,"minecraft:raw_gold":3,"minecraft:beef":2,"minecraft:stone_pickaxe":3,"minecraft:azalea":2,"minecraft:iron_pickaxe":2,"minecraft:moss_block":10,"minecraft:flowering_azalea":1,"minecraft:music_disc_chirp":2,"minecraft:furnace":1,"minecraft:dark_oak_sapling":2,"minecraft:stick":11,"minecraft:raw_iron":88,"minecraft:torch":37,"minecraft:gravel":2,"minecraft:white_bed":1,"minecraft:dark_oak_log":72,"minecraft:spider_eye":2,"minecraft:dark_oak_planks":15,"minecraft:arrow":8,"minecraft:rotten_flesh":6,"minecraft:diamond":1,"minecraft:tropical_fish":6,"minecraft:stone_axe":1,"minecraft:iron_helmet":2,"minecraft:granite":1,"minecraft:glow_berries":9,"minecraft:mutton":7,"minecraft:coal":76,"minecraft:white_wool":5,"minecraft:cobblestone":98},"minecraft:crafted":{"minecraft:cooked_beef":2,"minecraft:crafting_table":1,"minecraft:iron_helmet":1,"minecraft:wooden_pickaxe":1,"minecraft:furnace":2,"minecraft:stone_axe":1,"minecraft:charcoal":7,"minecraft:shield":1,"minecraft:iron_axe":1,"minecraft:stick":44,"minecraft:iron_ingot":18,"minecraft:iron_pickaxe":1,"minecraft:stone_pickaxe":1,"minecraft:chest":1,"minecraft:white_bed":1,"minecraft:dark_oak_planks":88,"minecraft:torch":108},"minecraft:mined":{"minecraft:dark_oak_planks":3,"minecraft:flowering_azalea":1,"minecraft:white_bed":1,"minecraft:dark_oak_leaves":9,"minecraft:deepslate_diamond_ore":2,"minecraft:dark_oak_log":47,"minecraft:crafting_table":2,"minecraft:torch":2,"minecraft:cave_vines_plant":4,"minecraft:granite":1,"minecraft:short_grass":13,"minecraft:grass_block":1,"minecraft:deepslate_gold_ore":3,"minecraft:moss_block":6,"minecraft:furnace":1,"minecraft:iron_ore":54,"minecraft:deepslate_iron_ore":4,"minecraft:cave_vines":9,"minecraft:coal_ore":36,"minecraft:vine":1,"minecraft:stone":66}},"DataVersion":3955}